,acc-net00,acc-net01,acc-net02
count,50.0,50.0,50.0
mean,0.48296,0.99512,0.9962800000000002
std,0.02550466944042417,0.0031599535000453828,0.0021763103020047978
min,0.43,0.984,0.992
25%,0.466,0.994,0.9940000000000001
50%,0.487,0.9960000000000001,0.9960000000000001
75%,0.4995,0.998,0.998
max,0.554,1.0,1.0
