,loss-net00,loss-net01,loss-net02
count,50.0,50.0,50.0
mean,8.02562180709839,0.024373456695493016,0.019852114073026898
std,0.4494156260602797,0.016233531670232247,0.014813066635106896
min,6.967837524414063,0.00016325951260114379,9.235806010110536e-06
25%,7.669003748893737,0.011873919039999237,0.006881455598986008
50%,8.020952510833741,0.018963389630789605,0.018361690720485054
75%,8.332813334465026,0.03327157566909591,0.025796877744198813
max,8.871287155151368,0.07201532351609785,0.05464796554842906
