,loss,acc
count,50.0,50.0
mean,0.019852114073026898,0.9962800000000002
std,0.014813066635106896,0.0021763103020047978
min,9.235806010110536e-06,0.992
25%,0.006881455598986008,0.9940000000000001
50%,0.018361690720485054,0.9960000000000001
75%,0.025796877744198813,0.998
max,0.05464796554842906,1.0
