,loss,acc
count,50.0,50.0
mean,8.02562180709839,0.48296
std,0.4494156260602797,0.02550466944042417
min,6.967837524414063,0.43
25%,7.669003748893737,0.466
50%,8.020952510833741,0.487
75%,8.332813334465026,0.4995
max,8.871287155151368,0.554
