,loss,acc
count,50.0,50.0
mean,0.024373456695493016,0.99512
std,0.016233531670232247,0.0031599535000453828
min,0.00016325951260114379,0.984
25%,0.011873919039999237,0.994
50%,0.018963389630789605,0.9960000000000001
75%,0.03327157566909591,0.998
max,0.07201532351609785,1.0
